產品名稱,分類,適合地點,價格,圖片
花束BB12 多買優惠組合,花束多買優惠 / 花束,教堂 / 殯儀館 / 醫院,"$1,560.00",https://hy-florist.hk/wp-content/uploads/2025/09/BB-12-scaled.jpg
花束BB11 多買優惠組合,花束多買優惠 / 花束,教堂 / 殯儀館 / 醫院,"$1,030.00",https://hy-florist.hk/wp-content/uploads/2025/09/BB-11-scaled.jpg
花束BB10 多買優惠組合,花束多買優惠 / 花束,教堂 / 殯儀館 / 醫院,"$1,030.00",https://hy-florist.hk/wp-content/uploads/2025/09/BB-10-scaled.jpg
花束BB09 多買優惠組合,花束多買優惠 / 花束,教堂 / 殯儀館 / 醫院,"$1,030.00",https://hy-florist.hk/wp-content/uploads/2025/09/BB-09-scaled.jpg
花束BA08 多買優惠組合,花束多買優惠 / 花束,教堂 / 殯儀館 / 醫院,"$1,030.00",https://hy-florist.hk/wp-content/uploads/2025/08/BA-08-scaled.jpg
花束BA06 多買優惠組合,花束多買優惠 / 花束,教堂 / 殯儀館 / 醫院,$720.00,https://hy-florist.hk/wp-content/uploads/2025/08/BA-06-scaled.jpg
花束BA07  多買優惠組合,花束多買優惠 / 花束,教堂 / 殯儀館 / 醫院,$920.00,https://hy-florist.hk/wp-content/uploads/2025/01/B00007-1.jpg
花牌套餐3,花牌套餐,教堂 / 殯儀館 / 醫院,"$5,500.00",https://hy-florist.hk/wp-content/uploads/2025/08/Flower_Set_3.jpg
花牌套餐2,花牌套餐,教堂 / 殯儀館 / 醫院,"$4,380.00",https://hy-florist.hk/wp-content/uploads/2025/08/Flower_Set_2.jpg
花牌套餐1,花牌套餐,教堂 / 殯儀館 / 醫院,"$2,680.00",https://hy-florist.hk/wp-content/uploads/2025/08/Flower_Set_1.jpg
花束BF07,花束,醫院,"$1,350.00",https://hy-florist.hk/wp-content/uploads/2025/06/1280-BF07-edited.jpg
花束BF05,花束,醫院,"$1,350.00",https://hy-florist.hk/wp-content/uploads/2025/06/1280-BF05-edited.jpg
花束BF02,花束,醫院,"$1,350.00",https://hy-florist.hk/wp-content/uploads/2025/06/1280-BF02-edited.jpg
花束BF01,花束,醫院,"$1,350.00",https://hy-florist.hk/wp-content/uploads/2025/06/1280-BF01-edited.jpg
花束BE08,花束,醫院,$980.00,https://hy-florist.hk/wp-content/uploads/2025/06/980-BE08-edited.jpg
花束BE07,花束,醫院,$980.00,https://hy-florist.hk/wp-content/uploads/2025/06/980-BE07-edited.jpg
花束BE04,花束,醫院,$980.00,https://hy-florist.hk/wp-content/uploads/2025/06/980-BE04-edited.jpg
花束BD05,花束,醫院,$790.00,https://hy-florist.hk/wp-content/uploads/2025/06/780-BD05-edited.jpg
花束BD03,花束,醫院,$790.00,https://hy-florist.hk/wp-content/uploads/2025/06/780-BD03-edited.jpg
花束BD02,花束,醫院,$790.00,https://hy-florist.hk/wp-content/uploads/2025/06/780-BD02-edited.jpg
花束BC08,花束,醫院,$698.00,https://hy-florist.hk/wp-content/uploads/2025/06/680-BC08-edited.jpg
花束BC06,花束,醫院,$698.00,https://hy-florist.hk/wp-content/uploads/2025/06/680-BC06-edited.jpg
花束BC04,花束,醫院,$698.00,https://hy-florist.hk/wp-content/uploads/2025/06/680-BC04-edited.jpg
花束BC02,花束,醫院,$698.00,https://hy-florist.hk/wp-content/uploads/2025/06/680-BC02-edited.jpg
花束BB11,花束,醫院,$575.00,https://hy-florist.hk/wp-content/uploads/2025/06/550-BB11-edited.jpg
花束BB10,花束,醫院,$575.00,https://hy-florist.hk/wp-content/uploads/2025/06/550-BB10-edited.jpg
花束BB09,花束,醫院,$575.00,https://hy-florist.hk/wp-content/uploads/2025/06/550-BB09-edited.jpg
花束BB08,花束,醫院,$575.00,https://hy-florist.hk/wp-content/uploads/2025/06/550-BB08-edited.jpg
花束BB07,花束,醫院,$575.00,https://hy-florist.hk/wp-content/uploads/2025/06/550-BB07-edited.jpg
花束BB06,花束,醫院,$575.00,https://hy-florist.hk/wp-content/uploads/2025/06/550-BB06-edited.jpg
花束BB05,花束,醫院,$575.00,https://hy-florist.hk/wp-content/uploads/2025/06/550-BB05-edited.jpg
花束BB04,花束,醫院,$575.00,https://hy-florist.hk/wp-content/uploads/2025/06/550-BB04-edited.jpg
花束BB03,花束,醫院,$575.00,https://hy-florist.hk/wp-content/uploads/2025/06/550-BB03-edited.jpg
花束BB02,花束,醫院,$575.00,https://hy-florist.hk/wp-content/uploads/2025/06/550-BB02-edited.jpg
花束BB01,花束,醫院,$575.00,https://hy-florist.hk/wp-content/uploads/2025/06/550-BB01-edited.jpg
花束BA06,花束,醫院,$399.00,https://hy-florist.hk/wp-content/uploads/2025/06/380-BA06-edited.jpg
花束BA05,花束,醫院,$399.00,https://hy-florist.hk/wp-content/uploads/2025/06/380-BA05-edited.jpg
花束BA04,花束,醫院,$399.00,https://hy-florist.hk/wp-content/uploads/2025/06/380-BA04-edited.jpg
花束BA03,花束,醫院,$399.00,https://hy-florist.hk/wp-content/uploads/2025/06/380-BA03-edited.jpg
花籃FH10,花籃,教堂 / 殯儀館 / 醫院,"$1,480.00",https://hy-florist.hk/wp-content/uploads/2025/01/1380-FH10.jpg
台花TE01,場地裝飾 / 台花,教堂,"$2,980.00",https://hy-florist.hk/wp-content/uploads/2025/01/2980-TE01.jpg
講台花PF02,場地裝飾 / 講台花,教堂,"$2,980.00",https://hy-florist.hk/wp-content/uploads/2025/01/2980-PF02.jpg
講台花PF01,場地裝飾 / 講台花,教堂,"$2,980.00",https://hy-florist.hk/wp-content/uploads/2025/01/2980-PF01.jpg
講台花PE01,場地裝飾 / 講台花,教堂,"$2,850.00",https://hy-florist.hk/wp-content/uploads/2025/01/2680-PE01.jpg
講台花PD02,場地裝飾 / 講台花,教堂,"$1,750.00",https://hy-florist.hk/wp-content/uploads/2025/01/1680-PD02.jpg
講台花PD01,場地裝飾 / 講台花,教堂,"$1,750.00",https://hy-florist.hk/wp-content/uploads/2025/01/1680-PD01.jpg
講台花PC04,場地裝飾 / 講台花,教堂,$698.00,https://hy-florist.hk/wp-content/uploads/2025/01/680-PC04.jpg
講台花PC03,場地裝飾 / 講台花,教堂,$698.00,https://hy-florist.hk/wp-content/uploads/2025/01/680-PC03.jpg
講台花PC02,場地裝飾 / 講台花,教堂,$698.00,https://hy-florist.hk/wp-content/uploads/2025/01/680-PC02.jpg
講台花PC01,場地裝飾 / 講台花,教堂,$698.00,https://hy-florist.hk/wp-content/uploads/2025/01/680-PC01.jpg
講台花PB03,場地裝飾 / 講台花,教堂,$575.00,https://hy-florist.hk/wp-content/uploads/2025/01/550-PB03.jpg
講台花PB02,場地裝飾 / 講台花,教堂,$575.00,https://hy-florist.hk/wp-content/uploads/2025/01/550-PB02.jpg
講台花PB01,場地裝飾 / 講台花,教堂,$575.00,https://hy-florist.hk/wp-content/uploads/2025/01/550-PB01.jpg
講台花PA01,場地裝飾 / 講台花,教堂,$498.00,https://hy-florist.hk/wp-content/uploads/2025/01/480-PA01.jpg
櫈花DD08,場地裝飾 / 櫈花,教堂,$890.00,https://hy-florist.hk/wp-content/uploads/2025/01/880-DD08.jpg
櫈花DD07,場地裝飾 / 櫈花,教堂,$890.00,https://hy-florist.hk/wp-content/uploads/2025/01/880-DD07.jpg
櫈花DD06,場地裝飾 / 櫈花,教堂,$890.00,https://hy-florist.hk/wp-content/uploads/2025/01/880-DD06.jpg
櫈花DD05,場地裝飾 / 櫈花,教堂,$890.00,https://hy-florist.hk/wp-content/uploads/2025/01/880-DD05.jpg
櫈花DD04,場地裝飾 / 櫈花,教堂,$890.00,https://hy-florist.hk/wp-content/uploads/2025/01/880-DD04.jpg
櫈花DD03,場地裝飾 / 櫈花,教堂,$890.00,https://hy-florist.hk/wp-content/uploads/2025/01/880-DD03.jpg
櫈花DD02,場地裝飾 / 櫈花,教堂,$890.00,https://hy-florist.hk/wp-content/uploads/2025/01/880-DD02.jpg
櫈花DD01,場地裝飾 / 櫈花,教堂,$890.00,https://hy-florist.hk/wp-content/uploads/2025/01/880-DD01.jpg
櫈花DC04,場地裝飾 / 櫈花,教堂,$790.00,https://hy-florist.hk/wp-content/uploads/2025/01/780-DC04.jpg
櫈花DC03,場地裝飾 / 櫈花,教堂,$790.00,https://hy-florist.hk/wp-content/uploads/2025/01/780-DC03.jpg
櫈花DC02,場地裝飾 / 櫈花,教堂,$790.00,https://hy-florist.hk/wp-content/uploads/2025/01/780-DC02.jpg
櫈花DC01,場地裝飾 / 櫈花,教堂,$790.00,https://hy-florist.hk/wp-content/uploads/2025/01/780-DC01.jpg
櫈花DB04,場地裝飾 / 櫈花,教堂,$698.00,https://hy-florist.hk/wp-content/uploads/2025/01/680-DB04.jpg
櫈花DB03,場地裝飾 / 櫈花,教堂,$698.00,https://hy-florist.hk/wp-content/uploads/2025/01/680-DB03.jpg
櫈花DB02,場地裝飾 / 櫈花,教堂,$698.00,https://hy-florist.hk/wp-content/uploads/2025/01/680-DB02.jpg
櫈花DB01,場地裝飾 / 櫈花,教堂,$698.00,https://hy-florist.hk/wp-content/uploads/2025/01/680-DB01.jpg
櫈花DA04,場地裝飾 / 櫈花,教堂,$575.00,https://hy-florist.hk/wp-content/uploads/2025/01/550-DA04.jpg
櫈花DA03,場地裝飾 / 櫈花,教堂,$575.00,https://hy-florist.hk/wp-content/uploads/2025/01/550-DA03.jpg
櫈花DA02,場地裝飾 / 櫈花,教堂,$575.00,https://hy-florist.hk/wp-content/uploads/2025/01/550-DA02.jpg
櫈花DA01,場地裝飾 / 櫈花,教堂,$575.00,https://hy-florist.hk/wp-content/uploads/2025/01/550-DA01.jpg
場地系列V12,場地裝飾 / 場地系列,教堂,"$6,500.00",https://hy-florist.hk/wp-content/uploads/2025/01/6500-V12.jpg
場地系列V13,場地裝飾 / 場地系列,教堂,"$4,850.00",https://hy-florist.hk/wp-content/uploads/2025/01/4600-V13.jpg
場地系列V10,場地裝飾 / 場地系列,教堂,"$4,750.00",https://hy-florist.hk/wp-content/uploads/2025/01/4500-V10.jpg
場地系列V03,場地裝飾 / 場地系列,教堂,"$3,950.00",https://hy-florist.hk/wp-content/uploads/2025/01/3800-V03.jpg
場地系列V11,場地裝飾 / 場地系列,教堂,"$3,780.00",https://hy-florist.hk/wp-content/uploads/2025/01/3600-V11.jpg
場地系列V09,場地裝飾 / 場地系列,教堂,"$3,450.00",https://hy-florist.hk/wp-content/uploads/2025/01/3300-V09.jpg
場地系列V06,場地裝飾 / 場地系列,教堂,"$2,980.00",https://hy-florist.hk/wp-content/uploads/2025/01/2980-V06.jpg
場地系列V05,場地裝飾 / 場地系列,教堂,"$2,980.00",https://hy-florist.hk/wp-content/uploads/2025/01/2980-V05.jpg
場地系列V01,場地裝飾 / 場地系列,教堂,"$2,980.00",https://hy-florist.hk/wp-content/uploads/2025/01/2980-V01.jpg
場地系列V07,場地裝飾 / 場地系列,教堂,"$2,980.00",https://hy-florist.hk/wp-content/uploads/2025/01/2900-V07.jpg
場地系列V04,場地裝飾 / 場地系列,教堂,"$2,950.00",https://hy-florist.hk/wp-content/uploads/2025/01/2800-V04.jpg
場地系列V02,場地裝飾 / 場地系列,教堂,"$2,850.00",https://hy-florist.hk/wp-content/uploads/2025/01/2680-V02.jpg
場地系列V14,場地裝飾 / 場地系列,教堂,"$1,350.00",https://hy-florist.hk/wp-content/uploads/2025/01/1280-V14.jpg
場地系列V08,場地裝飾 / 場地系列,教堂,"$1,350.00",https://hy-florist.hk/wp-content/uploads/2025/01/1280-V08.jpg
台花TD02,場地裝飾 / 台花,教堂,"$1,750.00",https://hy-florist.hk/wp-content/uploads/2025/01/1680-TD02.jpg
台花TD01,場地裝飾 / 台花,教堂,"$1,750.00",https://hy-florist.hk/wp-content/uploads/2025/01/1680-TD01.jpg
台花TC02,場地裝飾 / 台花,教堂,"$1,480.00",https://hy-florist.hk/wp-content/uploads/2025/01/1380-TC02.jpg
台花TC01,場地裝飾 / 台花,教堂,"$1,480.00",https://hy-florist.hk/wp-content/uploads/2025/01/1380-TC01.jpg
台花TB02,場地裝飾 / 台花,教堂,$980.00,https://hy-florist.hk/wp-content/uploads/2025/01/980-TB02.jpg
台花TB01,場地裝飾 / 台花,教堂,$980.00,https://hy-florist.hk/wp-content/uploads/2025/01/980-TB01.jpg
台花TA01,場地裝飾 / 台花,教堂,$698.00,https://hy-florist.hk/wp-content/uploads/2025/01/680-TA01.jpg
十字架花牌JC06,花牌 / 十字架花牌,不適用,"$1,750.00",https://hy-florist.hk/wp-content/uploads/2025/01/1680-JC06.jpg
十字架花牌JC05,花牌 / 十字架花牌,不適用,"$1,750.00",https://hy-florist.hk/wp-content/uploads/2025/01/1680-JC05.jpg
十字架花牌JC04,花牌 / 十字架花牌,不適用,"$1,750.00",https://hy-florist.hk/wp-content/uploads/2025/01/1680-JC04.jpg
十字架花牌JC03,花牌 / 十字架花牌,不適用,"$1,750.00",https://hy-florist.hk/wp-content/uploads/2025/01/1680-JC03.jpg
十字架花牌JC02,花牌 / 十字架花牌,不適用,"$1,750.00",https://hy-florist.hk/wp-content/uploads/2025/01/1680-JC02.jpg
十字架花牌JC01,花牌 / 十字架花牌,不適用,"$1,750.00",https://hy-florist.hk/wp-content/uploads/2025/01/1680-JC01.jpg
十字架花牌JB08,花牌 / 十字架花牌,不適用,"$1,350.00",https://hy-florist.hk/wp-content/uploads/2025/01/1280-JB08.jpg
十字架花牌JB07,花牌 / 十字架花牌,不適用,"$1,350.00",https://hy-florist.hk/wp-content/uploads/2025/01/1280-JB07.jpg
十字架花牌JB06,花牌 / 十字架花牌,不適用,"$1,350.00",https://hy-florist.hk/wp-content/uploads/2025/01/1280-JB06.jpg
十字架花牌JB05,花牌 / 十字架花牌,不適用,"$1,350.00",https://hy-florist.hk/wp-content/uploads/2025/01/1280-JB05.jpg
十字架花牌JB04,花牌 / 十字架花牌,不適用,"$1,350.00",https://hy-florist.hk/wp-content/uploads/2025/01/1280-JB04.jpg
十字架花牌JB03,花牌 / 十字架花牌,不適用,"$1,350.00",https://hy-florist.hk/wp-content/uploads/2025/01/1280-JB03.jpg
十字架花牌JB02,花牌 / 十字架花牌,不適用,"$1,350.00",https://hy-florist.hk/wp-content/uploads/2025/01/1280-JB02.jpg
十字架花牌JB01,花牌 / 十字架花牌,不適用,"$1,350.00",https://hy-florist.hk/wp-content/uploads/2025/01/1280-JB01.jpg
十字架花牌JA04,花牌 / 十字架花牌,不適用,$980.00,https://hy-florist.hk/wp-content/uploads/2025/01/980-JA04.jpg
十字架花牌JA03,花牌 / 十字架花牌,不適用,$980.00,https://hy-florist.hk/wp-content/uploads/2025/01/980-JA03.jpg
十字架花牌JA02,花牌 / 十字架花牌,不適用,$980.00,https://hy-florist.hk/wp-content/uploads/2025/01/980-JA02.jpg
十字架花牌JA01,花牌 / 十字架花牌,不適用,$980.00,https://hy-florist.hk/wp-content/uploads/2025/01/980-JA01.jpg
圓型花牌WG14,花牌 / 圓形花牌,不適用,"$2,980.00",https://hy-florist.hk/wp-content/uploads/2025/01/2980-WG14.jpg
圓型花牌WG13,花牌 / 圓形花牌,教堂 / 殯儀館,"$2,980.00",https://hy-florist.hk/wp-content/uploads/2025/01/2980-WG13.jpg
圓型花牌WG12,花牌 / 圓形花牌,不適用,"$2,980.00",https://hy-florist.hk/wp-content/uploads/2025/01/2980-WG12.jpg
圓型花牌WG11,花牌 / 圓形花牌,教堂 / 殯儀館,"$2,980.00",https://hy-florist.hk/wp-content/uploads/2025/01/2980-WG11.jpg
圓型花牌WG10,花牌 / 圓形花牌,教堂 / 殯儀館,"$2,980.00",https://hy-florist.hk/wp-content/uploads/2025/01/2980-WG10.jpg
圓型花牌WG09,花牌 / 圓形花牌,教堂 / 殯儀館,"$2,980.00",https://hy-florist.hk/wp-content/uploads/2025/01/2980-WG09.jpg
圓型花牌WG08,花牌 / 圓形花牌,教堂 / 殯儀館,"$2,980.00",https://hy-florist.hk/wp-content/uploads/2025/01/2980-WG08.jpg
圓型花牌WG07,花牌 / 圓形花牌,教堂 / 殯儀館,"$2,980.00",https://hy-florist.hk/wp-content/uploads/2025/01/2980-WG07.jpg
圓型花牌WG06,花牌 / 圓形花牌,教堂 / 殯儀館,"$2,980.00",https://hy-florist.hk/wp-content/uploads/2025/01/2980-WG06.jpg
圓型花牌WG05,花牌 / 圓形花牌,教堂 / 殯儀館,"$2,980.00",https://hy-florist.hk/wp-content/uploads/2025/01/2980-WG05.jpg
圓型花牌WG04,花牌 / 圓形花牌,教堂 / 殯儀館,"$2,980.00",https://hy-florist.hk/wp-content/uploads/2025/01/2980-WG04.jpg
圓型花牌WG03,花牌 / 圓形花牌,教堂 / 殯儀館,"$2,980.00",https://hy-florist.hk/wp-content/uploads/2025/01/2980-WG03.jpg
圓型花牌WG02,花牌 / 圓形花牌,教堂 / 殯儀館,"$2,980.00",https://hy-florist.hk/wp-content/uploads/2025/01/2980-WG02.jpg
圓型花牌WG01,花牌 / 圓形花牌,教堂 / 殯儀館,"$2,980.00",https://hy-florist.hk/wp-content/uploads/2025/01/2980-WG01.jpg
圓型花牌WF12,花牌 / 圓形花牌,教堂 / 殯儀館,"$2,850.00",https://hy-florist.hk/wp-content/uploads/2025/01/2680-WF12.jpg
圓型花牌WF11,花牌 / 圓形花牌,教堂 / 殯儀館,"$2,850.00",https://hy-florist.hk/wp-content/uploads/2025/01/2680-WF11.jpg
圓型花牌WF10,花牌 / 圓形花牌,教堂 / 殯儀館,"$2,850.00",https://hy-florist.hk/wp-content/uploads/2025/01/2680-WF10.jpg
圓型花牌WF09,花牌 / 圓形花牌,教堂 / 殯儀館,"$2,850.00",https://hy-florist.hk/wp-content/uploads/2025/01/2680-WF09.jpg
圓型花牌WF08,花牌 / 圓形花牌,教堂 / 殯儀館,"$2,850.00",https://hy-florist.hk/wp-content/uploads/2025/01/2680-WF08.jpg
圓型花牌WF07,花牌 / 圓形花牌,教堂 / 殯儀館,"$2,850.00",https://hy-florist.hk/wp-content/uploads/2025/01/2680-WF07.jpg
圓型花牌WF06,花牌 / 圓形花牌,教堂 / 殯儀館,"$2,850.00",https://hy-florist.hk/wp-content/uploads/2025/01/2680-WF06.jpg
圓型花牌WF05,花牌 / 圓形花牌,教堂 / 殯儀館,"$2,850.00",https://hy-florist.hk/wp-content/uploads/2025/01/2680-WF05.jpg
圓型花牌WF04,花牌 / 圓形花牌,教堂 / 殯儀館,"$2,850.00",https://hy-florist.hk/wp-content/uploads/2025/01/2680-WF04.jpg
圓型花牌WF03,花牌 / 圓形花牌,教堂 / 殯儀館,"$2,850.00",https://hy-florist.hk/wp-content/uploads/2025/01/2680-WF03.jpg
圓型花牌WF02,花牌 / 圓形花牌,教堂 / 殯儀館,"$2,850.00",https://hy-florist.hk/wp-content/uploads/2025/01/2680-WF02.jpg
圓型花牌WF01,花牌 / 圓形花牌,教堂 / 殯儀館,"$2,850.00",https://hy-florist.hk/wp-content/uploads/2025/01/2680-WF01.jpg
圓型花牌WE08,花牌 / 圓形花牌,教堂 / 殯儀館,"$2,500.00",https://hy-florist.hk/wp-content/uploads/2025/01/2380-WE08.jpg
圓型花牌WE07,花牌 / 圓形花牌,教堂 / 殯儀館,"$2,500.00",https://hy-florist.hk/wp-content/uploads/2025/01/2380-WE07.jpg
圓型花牌WE06,花牌 / 圓形花牌,教堂 / 殯儀館,"$2,500.00",https://hy-florist.hk/wp-content/uploads/2025/01/2380-WE06.jpg
圓型花牌WE05,花牌 / 圓形花牌,教堂 / 殯儀館,"$2,500.00",https://hy-florist.hk/wp-content/uploads/2025/01/2380-WE05.jpg
圓型花牌WE04,花牌 / 圓形花牌,教堂 / 殯儀館,"$2,500.00",https://hy-florist.hk/wp-content/uploads/2025/01/2380-WE04.jpg
圓型花牌WE03,花牌 / 圓形花牌,教堂 / 殯儀館,"$2,500.00",https://hy-florist.hk/wp-content/uploads/2025/01/2380-WE03.jpg
圓型花牌WE02,花牌 / 圓形花牌,教堂 / 殯儀館,"$2,500.00",https://hy-florist.hk/wp-content/uploads/2025/01/2380-WE02.jpg
圓型花牌WE01,花牌 / 圓形花牌,教堂 / 殯儀館,"$2,500.00",https://hy-florist.hk/wp-content/uploads/2025/01/2380-WE01.jpg
圓型花牌WD06,花牌 / 圓形花牌,教堂 / 殯儀館,"$1,980.00",https://hy-florist.hk/wp-content/uploads/2025/01/1980-WD06.jpg
圓型花牌WD05,花牌 / 圓形花牌,教堂 / 殯儀館,"$1,980.00",https://hy-florist.hk/wp-content/uploads/2025/01/1980-WD05.jpg
圓型花牌WD04,花牌 / 圓形花牌,教堂 / 殯儀館,"$1,980.00",https://hy-florist.hk/wp-content/uploads/2025/01/1980-WD04.jpg
圓型花牌WD03,花牌 / 圓形花牌,教堂 / 殯儀館,"$1,980.00",https://hy-florist.hk/wp-content/uploads/2025/01/1980-WD03.jpg
圓型花牌WD02,花牌 / 圓形花牌,教堂 / 殯儀館,"$1,980.00",https://hy-florist.hk/wp-content/uploads/2025/01/1980-WD02.jpg
圓型花牌WD01,花牌 / 圓形花牌,教堂 / 殯儀館,"$1,980.00",https://hy-florist.hk/wp-content/uploads/2025/01/1980-WD01.jpg
圓型花牌WC06,花牌 / 圓形花牌,教堂 / 殯儀館,"$1,850.00",https://hy-florist.hk/wp-content/uploads/2025/01/1780-WC06.jpg
圓型花牌WC05,花牌 / 圓形花牌,教堂 / 殯儀館,"$1,850.00",https://hy-florist.hk/wp-content/uploads/2025/01/1780-WC05.jpg
圓型花牌WC04,花牌 / 圓形花牌,教堂 / 殯儀館,"$1,850.00",https://hy-florist.hk/wp-content/uploads/2025/01/1780-WC04.jpg
圓型花牌WC03,花牌 / 圓形花牌,教堂 / 殯儀館,"$1,850.00",https://hy-florist.hk/wp-content/uploads/2025/01/1780-WC03.jpg
圓型花牌WC02,花牌 / 圓形花牌,教堂 / 殯儀館,"$1,850.00",https://hy-florist.hk/wp-content/uploads/2025/01/1780-WC02.jpg
圓型花牌WC01,花牌 / 圓形花牌,教堂 / 殯儀館,"$1,850.00",https://hy-florist.hk/wp-content/uploads/2025/01/1780-WC01.jpg
圓型花牌WB04,花牌 / 圓形花牌,教堂 / 殯儀館,"$1,750.00",https://hy-florist.hk/wp-content/uploads/2025/01/1680-WB04.jpg
圓型花牌WB03,花牌 / 圓形花牌,教堂 / 殯儀館,"$1,750.00",https://hy-florist.hk/wp-content/uploads/2025/01/1680-WB03.jpg
圓型花牌WB02,花牌 / 圓形花牌,教堂 / 殯儀館,"$1,750.00",https://hy-florist.hk/wp-content/uploads/2025/01/1680-WB02.jpg
圓型花牌WB01,花牌 / 圓形花牌,教堂 / 殯儀館,"$1,750.00",https://hy-florist.hk/wp-content/uploads/2025/01/1680-WB01.jpg
圓型花牌WA02,花牌 / 圓形花牌,教堂 / 殯儀館,"$1,550.00",https://hy-florist.hk/wp-content/uploads/2025/01/1480-WA02.jpg
圓型花牌WA01,花牌 / 圓形花牌,教堂 / 殯儀館,"$1,550.00",https://hy-florist.hk/wp-content/uploads/2025/01/1480-WA01.jpg
棺面花CI08,棺面花,教堂 / 殯儀館 / 醫院,"$2,850.00",https://hy-florist.hk/wp-content/uploads/2025/01/2680-CI08.jpg
棺面花CI07,棺面花,教堂 / 殯儀館 / 醫院,"$2,850.00",https://hy-florist.hk/wp-content/uploads/2025/01/2680-CI07.jpg
棺面花CI06,棺面花,教堂 / 殯儀館 / 醫院,"$2,850.00",https://hy-florist.hk/wp-content/uploads/2025/01/2680-CI06.jpg
棺面花CI05,棺面花,教堂 / 殯儀館 / 醫院,"$2,850.00",https://hy-florist.hk/wp-content/uploads/2025/01/2680-CI05.jpg
棺面花CI04,棺面花,教堂 / 殯儀館 / 醫院,"$2,850.00",https://hy-florist.hk/wp-content/uploads/2025/01/2680-CI04.jpg
棺面花CI03,棺面花,教堂 / 殯儀館 / 醫院,"$2,850.00",https://hy-florist.hk/wp-content/uploads/2025/01/2680-CI03.jpg
棺面花CI02,棺面花,教堂 / 殯儀館 / 醫院,"$2,850.00",https://hy-florist.hk/wp-content/uploads/2025/01/2680-CI02.jpg
棺面花CI01,棺面花,教堂 / 殯儀館 / 醫院,"$2,850.00",https://hy-florist.hk/wp-content/uploads/2025/01/2680-CI01.jpg
棺面花CH08,棺面花,教堂 / 殯儀館 / 醫院,"$2,500.00",https://hy-florist.hk/wp-content/uploads/2025/01/2380-CH08.jpg
棺面花CH07,棺面花,教堂 / 殯儀館 / 醫院,"$2,500.00",https://hy-florist.hk/wp-content/uploads/2025/01/2380-CH07.jpg
棺面花CH06,棺面花,教堂 / 殯儀館 / 醫院,"$2,500.00",https://hy-florist.hk/wp-content/uploads/2025/01/2380-CH06.jpg
棺面花CH05,棺面花,教堂 / 殯儀館 / 醫院,"$2,500.00",https://hy-florist.hk/wp-content/uploads/2025/01/2380-CH05.jpg
棺面花CH04,棺面花,教堂 / 殯儀館 / 醫院,"$2,500.00",https://hy-florist.hk/wp-content/uploads/2025/01/2380-CH04.jpg
棺面花CH03,棺面花,教堂 / 殯儀館 / 醫院,"$2,500.00",https://hy-florist.hk/wp-content/uploads/2025/01/2380-CH03.jpg
棺面花CH02,棺面花,教堂 / 殯儀館 / 醫院,"$2,500.00",https://hy-florist.hk/wp-content/uploads/2025/01/2380-CH02.jpg
棺面花CH01,棺面花,教堂 / 殯儀館 / 醫院,"$2,500.00",https://hy-florist.hk/wp-content/uploads/2025/01/2380-CH01.jpg
棺面花CG12,棺面花,教堂 / 殯儀館 / 醫院,"$1,980.00",https://hy-florist.hk/wp-content/uploads/2025/01/1980-CG12.jpg
棺面花CG11,棺面花,教堂 / 殯儀館 / 醫院,"$1,980.00",https://hy-florist.hk/wp-content/uploads/2025/01/1980-CG11.jpg
棺面花CG10,棺面花,教堂 / 殯儀館 / 醫院,"$1,980.00",https://hy-florist.hk/wp-content/uploads/2025/01/1980-CG10.jpg
棺面花CG09,棺面花,教堂 / 殯儀館 / 醫院,"$1,980.00",https://hy-florist.hk/wp-content/uploads/2025/01/1980-CG09.jpg
棺面花CG08,棺面花,教堂 / 殯儀館 / 醫院,"$1,980.00",https://hy-florist.hk/wp-content/uploads/2025/01/1980-CG08.jpg
棺面花CG07,棺面花,教堂 / 殯儀館 / 醫院,"$1,980.00",https://hy-florist.hk/wp-content/uploads/2025/01/1980-CG07.jpg
棺面花CG06,棺面花,教堂 / 殯儀館 / 醫院,"$1,980.00",https://hy-florist.hk/wp-content/uploads/2025/01/1980-CG06.jpg
棺面花CG05,棺面花,教堂 / 殯儀館 / 醫院,"$1,980.00",https://hy-florist.hk/wp-content/uploads/2025/01/1980-CG05.jpg
棺面花CG04,棺面花,教堂 / 殯儀館 / 醫院,"$1,980.00",https://hy-florist.hk/wp-content/uploads/2025/01/1980-CG04.jpg
棺面花CG03,棺面花,教堂 / 殯儀館 / 醫院,"$1,980.00",https://hy-florist.hk/wp-content/uploads/2025/01/1980-CG03.jpg
棺面花CG02,棺面花,教堂 / 殯儀館 / 醫院,"$1,980.00",https://hy-florist.hk/wp-content/uploads/2025/01/1980-CG02.jpg
棺面花CG01,棺面花,教堂 / 殯儀館 / 醫院,"$1,980.00",https://hy-florist.hk/wp-content/uploads/2025/01/1980-CG01.jpg
棺面花CF12,棺面花,教堂 / 殯儀館 / 醫院,"$1,750.00",https://hy-florist.hk/wp-content/uploads/2025/01/1680-CF12.jpg
棺面花CF11,棺面花,教堂 / 殯儀館 / 醫院,"$1,750.00",https://hy-florist.hk/wp-content/uploads/2025/01/1680-CF11.jpg
棺面花CF10,棺面花,教堂 / 殯儀館 / 醫院,"$1,750.00",https://hy-florist.hk/wp-content/uploads/2025/01/1680-CF10.jpg
棺面花CF09,棺面花,教堂 / 殯儀館 / 醫院,"$1,750.00",https://hy-florist.hk/wp-content/uploads/2025/01/1680-CF09.jpg
棺面花CF08,棺面花,教堂 / 殯儀館 / 醫院,"$1,750.00",https://hy-florist.hk/wp-content/uploads/2025/01/1680-CF08.jpg
棺面花CF07,棺面花,教堂 / 殯儀館 / 醫院,"$1,750.00",https://hy-florist.hk/wp-content/uploads/2025/01/1680-CF07.jpg
棺面花CF06,棺面花,教堂 / 殯儀館 / 醫院,"$1,750.00",https://hy-florist.hk/wp-content/uploads/2025/01/1680-CF06.jpg
棺面花CF05,棺面花,教堂 / 殯儀館 / 醫院,"$1,750.00",https://hy-florist.hk/wp-content/uploads/2025/01/1680-CF05.jpg
棺面花CF04,棺面花,教堂 / 殯儀館 / 醫院,"$1,750.00",https://hy-florist.hk/wp-content/uploads/2025/01/1680-CF04.jpg
棺面花CF03,棺面花,教堂 / 殯儀館 / 醫院,"$1,750.00",https://hy-florist.hk/wp-content/uploads/2025/01/1680-CF03.jpg
棺面花CF02,棺面花,教堂 / 殯儀館 / 醫院,"$1,750.00",https://hy-florist.hk/wp-content/uploads/2025/01/1680-CF02.jpg
棺面花CF01,棺面花,教堂 / 殯儀館 / 醫院,"$1,750.00",https://hy-florist.hk/wp-content/uploads/2025/01/1680-CF01.jpg
棺面花CE12,棺面花,教堂 / 殯儀館 / 醫院,"$1,350.00",https://hy-florist.hk/wp-content/uploads/2025/01/1280-CE12.jpg
棺面花CE11,棺面花,教堂 / 殯儀館 / 醫院,"$1,350.00",https://hy-florist.hk/wp-content/uploads/2025/01/1280-CE11.jpg
棺面花CE10,棺面花,教堂 / 殯儀館 / 醫院,"$1,350.00",https://hy-florist.hk/wp-content/uploads/2025/01/1280-CE10.jpg
棺面花CE09,棺面花,教堂 / 殯儀館 / 醫院,"$1,350.00",https://hy-florist.hk/wp-content/uploads/2025/01/1280-CE09.jpg
棺面花CE08,棺面花,教堂 / 殯儀館 / 醫院,"$1,350.00",https://hy-florist.hk/wp-content/uploads/2025/01/1280-CE08.jpg
棺面花CE07,棺面花,教堂 / 殯儀館 / 醫院,"$1,350.00",https://hy-florist.hk/wp-content/uploads/2025/01/1280-CE07.jpg
棺面花CE06,棺面花,教堂 / 殯儀館 / 醫院,"$1,350.00",https://hy-florist.hk/wp-content/uploads/2025/01/1280-CE06.jpg
棺面花CE05,棺面花,教堂 / 殯儀館 / 醫院,"$1,350.00",https://hy-florist.hk/wp-content/uploads/2025/01/1280-CE05.jpg
棺面花CE04,棺面花,教堂 / 殯儀館 / 醫院,"$1,350.00",https://hy-florist.hk/wp-content/uploads/2025/01/1280-CE04.jpg
棺面花CE03,棺面花,教堂 / 殯儀館 / 醫院,"$1,350.00",https://hy-florist.hk/wp-content/uploads/2025/01/1280-CE03.jpg
棺面花CE02,棺面花,教堂 / 殯儀館 / 醫院,"$1,350.00",https://hy-florist.hk/wp-content/uploads/2025/01/1280-CE02.jpg
棺面花CE01,棺面花,教堂 / 殯儀館 / 醫院,"$1,350.00",https://hy-florist.hk/wp-content/uploads/2025/01/1280-CE01.jpg
棺面花CD08,棺面花,教堂 / 殯儀館 / 醫院,$980.00,https://hy-florist.hk/wp-content/uploads/2025/01/980-CD08.jpg
棺面花CD07,棺面花,教堂 / 殯儀館 / 醫院,$980.00,https://hy-florist.hk/wp-content/uploads/2025/01/980-CD07.jpg
棺面花CD06,棺面花,教堂 / 殯儀館 / 醫院,$980.00,https://hy-florist.hk/wp-content/uploads/2025/01/980-CD06.jpg
棺面花CD05,棺面花,教堂 / 殯儀館 / 醫院,$980.00,https://hy-florist.hk/wp-content/uploads/2025/01/980-CD05.jpg
棺面花CD04,棺面花,教堂 / 殯儀館 / 醫院,$980.00,https://hy-florist.hk/wp-content/uploads/2025/01/980-CD04.jpg
棺面花CD03,棺面花,教堂 / 殯儀館 / 醫院,$980.00,https://hy-florist.hk/wp-content/uploads/2025/01/980-CD03.jpg
棺面花CD02,棺面花,教堂 / 殯儀館 / 醫院,$980.00,https://hy-florist.hk/wp-content/uploads/2025/01/980-CD02.jpg
棺面花CD01,棺面花,教堂 / 殯儀館 / 醫院,$980.00,https://hy-florist.hk/wp-content/uploads/2025/01/980-CD01.jpg
棺面花CC06,棺面花,教堂 / 殯儀館 / 醫院,$890.00,https://hy-florist.hk/wp-content/uploads/2025/01/880-CC06.jpg
棺面花CC05,棺面花,教堂 / 殯儀館 / 醫院,$890.00,https://hy-florist.hk/wp-content/uploads/2025/01/880-CC05.jpg
棺面花CC04,棺面花,教堂 / 殯儀館 / 醫院,$890.00,https://hy-florist.hk/wp-content/uploads/2025/01/880-CC04.jpg
棺面花CC03,棺面花,教堂 / 殯儀館 / 醫院,$890.00,https://hy-florist.hk/wp-content/uploads/2025/01/880-CC03.jpg
棺面花CC02,棺面花,教堂 / 殯儀館 / 醫院,$890.00,https://hy-florist.hk/wp-content/uploads/2025/01/880-CC02.jpg
棺面花CC01,棺面花,教堂 / 殯儀館 / 醫院,$890.00,https://hy-florist.hk/wp-content/uploads/2025/01/880-CC01.jpg
棺面花CB03,棺面花,教堂 / 殯儀館 / 醫院,$790.00,https://hy-florist.hk/wp-content/uploads/2025/01/780-CB03.jpg
棺面花CB02,棺面花,教堂 / 殯儀館 / 醫院,$790.00,https://hy-florist.hk/wp-content/uploads/2025/01/780-CB02.jpg
棺面花CB01,棺面花,教堂 / 殯儀館 / 醫院,$790.00,https://hy-florist.hk/wp-content/uploads/2025/01/780-CB01.jpg
棺面花CA03,棺面花,教堂 / 殯儀館 / 醫院,$698.00,https://hy-florist.hk/wp-content/uploads/2025/01/680-CA03.jpg
棺面花CA02,棺面花,教堂 / 殯儀館 / 醫院,$698.00,https://hy-florist.hk/wp-content/uploads/2025/01/680-CA02.jpg
棺面花CA01,棺面花,教堂 / 殯儀館 / 醫院,$698.00,https://hy-florist.hk/wp-content/uploads/2025/01/680-CA01.jpg
心型花牌HI05,花牌 / 心型花牌,教堂 / 殯儀館,"$2,380.00",https://hy-florist.hk/wp-content/uploads/2025/01/HI.jpg
心型花牌HI04,花牌 / 心型花牌,教堂 / 殯儀館,"$1,950.00",https://hy-florist.hk/wp-content/uploads/2025/01/HI.jpg
心型花牌HI03,花牌 / 心型花牌,教堂 / 殯儀館,"$1,950.00",https://hy-florist.hk/wp-content/uploads/2025/01/HI.jpg
心型花牌HI02,花牌 / 心型花牌,教堂 / 殯儀館,"$2,500.00",https://hy-florist.hk/wp-content/uploads/2025/01/HI.jpg
心型花牌HI01,花牌 / 心型花牌,教堂 / 殯儀館,"$2,380.00",https://hy-florist.hk/wp-content/uploads/2025/01/HI.jpg
心型花牌HH06,花牌 / 心型花牌,教堂 / 殯儀館,"$3,850.00",https://hy-florist.hk/wp-content/uploads/2025/01/3680-HH06.jpg
心型花牌HH05,花牌 / 心型花牌,教堂 / 殯儀館,"$3,850.00",https://hy-florist.hk/wp-content/uploads/2025/01/3680-HH05.jpg
心型花牌HH04,花牌 / 心型花牌,教堂 / 殯儀館,"$3,850.00",https://hy-florist.hk/wp-content/uploads/2025/01/3680-HH04.jpg
心型花牌HH03,花牌 / 心型花牌,教堂 / 殯儀館,"$3,850.00",https://hy-florist.hk/wp-content/uploads/2025/01/3680-HH03.jpg
心型花牌HH02,花牌 / 心型花牌,教堂 / 殯儀館,"$3,850.00",https://hy-florist.hk/wp-content/uploads/2025/01/3680-HH02.jpg
心型花牌HH01,花牌 / 心型花牌,教堂 / 殯儀館,"$3,850.00",https://hy-florist.hk/wp-content/uploads/2025/01/3680-HH01.jpg
心型花牌HG08,花牌 / 心型花牌,教堂 / 殯儀館,"$2,980.00",https://hy-florist.hk/wp-content/uploads/2025/01/2980-HG08.jpg
心型花牌HG07,花牌 / 心型花牌,教堂 / 殯儀館,"$2,980.00",https://hy-florist.hk/wp-content/uploads/2025/01/2980-HG07.jpg
心型花牌HG06,花牌 / 心型花牌,教堂 / 殯儀館,"$2,980.00",https://hy-florist.hk/wp-content/uploads/2025/01/2980-HG06.jpg
心型花牌HG05,花牌 / 心型花牌,教堂 / 殯儀館,"$2,980.00",https://hy-florist.hk/wp-content/uploads/2025/01/2980-HG05.jpg
心型花牌HG04,花牌 / 心型花牌,教堂 / 殯儀館,"$2,980.00",https://hy-florist.hk/wp-content/uploads/2025/01/2980-HG04.jpg
心型花牌HG03,花牌 / 心型花牌,教堂 / 殯儀館,"$2,980.00",https://hy-florist.hk/wp-content/uploads/2025/01/2980-HG03.jpg
心型花牌HG02,花牌 / 心型花牌,教堂 / 殯儀館,"$2,980.00",https://hy-florist.hk/wp-content/uploads/2025/01/2980-HG02.jpg
心型花牌HG01,花牌 / 心型花牌,教堂 / 殯儀館,"$2,980.00",https://hy-florist.hk/wp-content/uploads/2025/01/2980-HG01.jpg
心型花牌HF12,花牌 / 心型花牌,教堂 / 殯儀館,"$2,850.00",https://hy-florist.hk/wp-content/uploads/2025/01/2680-HF12.jpg
心型花牌HF11,花牌 / 心型花牌,教堂 / 殯儀館,"$2,850.00",https://hy-florist.hk/wp-content/uploads/2025/01/2680-HF11.jpg
心型花牌HF10,花牌 / 心型花牌,教堂 / 殯儀館,"$2,850.00",https://hy-florist.hk/wp-content/uploads/2025/01/2680-HF10.jpg
心型花牌HF09,花牌 / 心型花牌,教堂 / 殯儀館,"$2,850.00",https://hy-florist.hk/wp-content/uploads/2025/01/2680-HF09.jpg
心型花牌HF08,花牌 / 心型花牌,教堂 / 殯儀館,"$2,850.00",https://hy-florist.hk/wp-content/uploads/2025/01/2680-HF08.jpg
心型花牌HF07,花牌 / 心型花牌,教堂 / 殯儀館,"$2,850.00",https://hy-florist.hk/wp-content/uploads/2025/01/2680-HF07.jpg
心型花牌HF06,花牌 / 心型花牌,教堂 / 殯儀館,"$2,850.00",https://hy-florist.hk/wp-content/uploads/2025/01/2680-HF06.jpg
心型花牌HF05,花牌 / 心型花牌,教堂 / 殯儀館,"$2,850.00",https://hy-florist.hk/wp-content/uploads/2025/01/2680-HF05.jpg
心型花牌HF04,花牌 / 心型花牌,教堂 / 殯儀館,"$2,850.00",https://hy-florist.hk/wp-content/uploads/2025/01/2680-HF04.jpg
心型花牌HF03,花牌 / 心型花牌,教堂 / 殯儀館,"$2,850.00",https://hy-florist.hk/wp-content/uploads/2025/01/2680-HF03.jpg
心型花牌HF02,花牌 / 心型花牌,教堂 / 殯儀館,"$2,850.00",https://hy-florist.hk/wp-content/uploads/2025/01/2680-HF02.jpg
心型花牌HF01,花牌 / 心型花牌,教堂 / 殯儀館,"$2,850.00",https://hy-florist.hk/wp-content/uploads/2025/01/2680-HF01.jpg
心型花牌HE04,花牌 / 心型花牌,教堂 / 殯儀館,"$2,500.00",https://hy-florist.hk/wp-content/uploads/2025/01/2380-HE04.jpg
心型花牌HE03,花牌 / 心型花牌,教堂 / 殯儀館,"$2,500.00",https://hy-florist.hk/wp-content/uploads/2025/01/2380-HE03.jpg
心型花牌HE02,花牌 / 心型花牌,教堂 / 殯儀館,"$2,500.00",https://hy-florist.hk/wp-content/uploads/2025/01/2380-HE02.jpg
心型花牌HE01,花牌 / 心型花牌,教堂 / 殯儀館,"$2,500.00",https://hy-florist.hk/wp-content/uploads/2025/01/2380-HE01.jpg
心型花牌HD04,花牌 / 心型花牌,教堂 / 殯儀館,"$2,380.00",https://hy-florist.hk/wp-content/uploads/2025/01/2180-HD04.jpg
心型花牌HD03,花牌 / 心型花牌,教堂 / 殯儀館,"$2,380.00",https://hy-florist.hk/wp-content/uploads/2025/01/2180-HD03.jpg
心型花牌HD02,花牌 / 心型花牌,教堂 / 殯儀館,"$2,380.00",https://hy-florist.hk/wp-content/uploads/2025/01/2180-HD02.jpg
心型花牌HD01,花牌 / 心型花牌,教堂 / 殯儀館,"$2,380.00",https://hy-florist.hk/wp-content/uploads/2025/01/2180-HD01.jpg
心型花牌HC08,花牌 / 心型花牌,教堂 / 殯儀館,"$1,950.00",https://hy-florist.hk/wp-content/uploads/2025/01/1880-HC08.jpg
心型花牌HC07,花牌 / 心型花牌,教堂 / 殯儀館,"$1,950.00",https://hy-florist.hk/wp-content/uploads/2025/01/1880-HC07.jpg
心型花牌HC06,花牌 / 心型花牌,教堂 / 殯儀館,"$1,950.00",https://hy-florist.hk/wp-content/uploads/2025/01/1880-HC06.jpg
心型花牌HC05,花牌 / 心型花牌,教堂 / 殯儀館,"$1,950.00",https://hy-florist.hk/wp-content/uploads/2025/01/1880-HC05.jpg
心型花牌HC04,花牌 / 心型花牌,教堂 / 殯儀館,"$1,950.00",https://hy-florist.hk/wp-content/uploads/2025/01/1880-HC04.jpg
心型花牌HC03,花牌 / 心型花牌,教堂 / 殯儀館,"$1,950.00",https://hy-florist.hk/wp-content/uploads/2025/01/1880-HC03.jpg
心型花牌HC02,花牌 / 心型花牌,教堂 / 殯儀館,"$1,950.00",https://hy-florist.hk/wp-content/uploads/2025/01/1880-HC02.jpg
心型花牌HC01,花牌 / 心型花牌,教堂 / 殯儀館,"$1,950.00",https://hy-florist.hk/wp-content/uploads/2025/01/1880-HC01.jpg
心型花牌HB06,花牌 / 心型花牌,教堂 / 殯儀館,"$1,750.00",https://hy-florist.hk/wp-content/uploads/2025/01/1680-HB06.jpg
心型花牌HB05,花牌 / 心型花牌,教堂 / 殯儀館,"$1,750.00",https://hy-florist.hk/wp-content/uploads/2025/01/HB05.jpeg
心型花牌HB04,花牌 / 心型花牌,教堂 / 殯儀館,"$1,750.00",https://hy-florist.hk/wp-content/uploads/2025/01/1680-HB04.jpg
心型花牌HB03,花牌 / 心型花牌,教堂 / 殯儀館,"$1,750.00",https://hy-florist.hk/wp-content/uploads/2025/01/1680-HB03.jpg
心型花牌HB02,花牌 / 心型花牌,教堂 / 殯儀館,"$1,750.00",https://hy-florist.hk/wp-content/uploads/2025/01/1680-HB02.jpg
心型花牌HB01,花牌 / 心型花牌,教堂 / 殯儀館,"$1,750.00",https://hy-florist.hk/wp-content/uploads/2025/01/1680-HB01.jpg
心型花牌HA02,花牌 / 心型花牌,教堂 / 殯儀館,"$1,480.00",https://hy-florist.hk/wp-content/uploads/2025/01/1380-HA02.jpg
心型花牌HA01,花牌 / 心型花牌,教堂 / 殯儀館,"$1,480.00",https://hy-florist.hk/wp-content/uploads/2025/01/1380-HA01.jpg
花籃FM07,花籃,教堂 / 殯儀館 / 醫院,"$2,850.00",https://hy-florist.hk/wp-content/uploads/2025/01/2680-FM07.jpg
花籃FM06,花籃,教堂 / 殯儀館 / 醫院,"$2,850.00",https://hy-florist.hk/wp-content/uploads/2025/01/2680-FM06.jpg
花籃FM05,花籃,教堂 / 殯儀館 / 醫院,"$2,850.00",https://hy-florist.hk/wp-content/uploads/2025/01/2680-FM05.jpg
花籃FM04,花籃,教堂 / 殯儀館 / 醫院,"$2,850.00",https://hy-florist.hk/wp-content/uploads/2025/01/2680-FM04.jpg
花籃FM03,花籃,教堂 / 殯儀館 / 醫院,"$2,850.00",https://hy-florist.hk/wp-content/uploads/2025/01/2680-FM03.jpg
花籃FM02,花籃,教堂 / 殯儀館 / 醫院,"$2,850.00",https://hy-florist.hk/wp-content/uploads/2025/01/2680-FM02.jpg
花籃FM01,花籃,教堂 / 殯儀館 / 醫院,"$2,850.00",https://hy-florist.hk/wp-content/uploads/2025/01/2680-FM01.jpg
花籃FL17,花籃,教堂 / 殯儀館 / 醫院,"$2,500.00",https://hy-florist.hk/wp-content/uploads/2025/01/2380-FL17.jpg
花籃FL16,花籃,教堂 / 殯儀館 / 醫院,"$2,500.00",https://hy-florist.hk/wp-content/uploads/2025/01/2380-FL16.jpg
花籃FL15,花籃,教堂 / 殯儀館 / 醫院,"$2,500.00",https://hy-florist.hk/wp-content/uploads/2025/01/2380-FL15.jpg
花籃FL14,花籃,教堂 / 殯儀館 / 醫院,"$2,500.00",https://hy-florist.hk/wp-content/uploads/2025/01/2380-FL14.jpg
花籃FL13,花籃,教堂 / 殯儀館 / 醫院,"$2,500.00",https://hy-florist.hk/wp-content/uploads/2025/01/2380-FL13.jpg
花籃FL12,花籃,教堂 / 殯儀館 / 醫院,"$2,500.00",https://hy-florist.hk/wp-content/uploads/2025/01/2380-FL12.jpg
花籃FL11,花籃,教堂 / 殯儀館 / 醫院,"$2,500.00",https://hy-florist.hk/wp-content/uploads/2025/01/2380-FL11.jpg
花籃FL10,花籃,教堂 / 殯儀館 / 醫院,"$2,500.00",https://hy-florist.hk/wp-content/uploads/2025/01/2380-FL10.jpg
花籃FL09,花籃,教堂 / 殯儀館 / 醫院,"$2,500.00",https://hy-florist.hk/wp-content/uploads/2025/01/2380-FL09.jpg
花籃FL08,花籃,教堂 / 殯儀館 / 醫院,"$2,500.00",https://hy-florist.hk/wp-content/uploads/2025/01/2380-FL08.jpg
花籃FL07,花籃,教堂 / 殯儀館 / 醫院,"$2,500.00",https://hy-florist.hk/wp-content/uploads/2025/01/2380-FL07.jpg
花籃FL06,花籃,教堂 / 殯儀館 / 醫院,"$2,500.00",https://hy-florist.hk/wp-content/uploads/2025/01/2380-FL06.jpg
花籃FL05,花籃,教堂 / 殯儀館 / 醫院,"$2,500.00",https://hy-florist.hk/wp-content/uploads/2025/01/2380-FL05.jpg
花籃FL04,花籃,教堂 / 殯儀館 / 醫院,"$2,500.00",https://hy-florist.hk/wp-content/uploads/2025/01/2380-FL04.jpg
花籃FL03,花籃,教堂 / 殯儀館 / 醫院,"$2,500.00",https://hy-florist.hk/wp-content/uploads/2025/01/2380-FL03.jpg
花籃FL02,花籃,教堂 / 殯儀館 / 醫院,"$2,500.00",https://hy-florist.hk/wp-content/uploads/2025/01/2380-FL02.jpg
花籃FL01,花籃,教堂 / 殯儀館 / 醫院,"$2,500.00",https://hy-florist.hk/wp-content/uploads/2025/01/2380-FL01.jpg
花籃FK19,花籃,教堂 / 殯儀館 / 醫院,"$1,980.00",https://hy-florist.hk/wp-content/uploads/2025/01/1980-FK19.jpg
花籃FK18,花籃,教堂 / 殯儀館 / 醫院,"$1,980.00",https://hy-florist.hk/wp-content/uploads/2025/01/1980-FK18.jpg
花籃FK17,花籃,教堂 / 殯儀館 / 醫院,"$1,980.00",https://hy-florist.hk/wp-content/uploads/2025/01/1980-FK17.jpg
花籃FK16,花籃,教堂 / 殯儀館 / 醫院,"$1,980.00",https://hy-florist.hk/wp-content/uploads/2025/01/1980-FK16.jpg
花籃FK15,花籃,教堂 / 殯儀館 / 醫院,"$1,980.00",https://hy-florist.hk/wp-content/uploads/2025/01/1980-FK15.jpg
花籃FK14,花籃,教堂 / 殯儀館 / 醫院,"$1,980.00",https://hy-florist.hk/wp-content/uploads/2025/01/1980-FK14.jpg
花籃FK13,花籃,教堂 / 殯儀館 / 醫院,"$1,980.00",https://hy-florist.hk/wp-content/uploads/2025/01/1980-FK13.jpg
花籃FK12,花籃,教堂 / 殯儀館 / 醫院,"$1,980.00",https://hy-florist.hk/wp-content/uploads/2025/01/1980-FK12.jpg
花籃FK11,花籃,教堂 / 殯儀館 / 醫院,"$1,980.00",https://hy-florist.hk/wp-content/uploads/2025/01/1980-FK11.jpg
花籃FK10,花籃,教堂 / 殯儀館 / 醫院,"$1,980.00",https://hy-florist.hk/wp-content/uploads/2025/01/1980-FK10.jpg
花籃FK09,花籃,教堂 / 殯儀館 / 醫院,"$1,980.00",https://hy-florist.hk/wp-content/uploads/2025/01/1980-FK09.jpg
花籃FK08,花籃,教堂 / 殯儀館 / 醫院,"$1,980.00",https://hy-florist.hk/wp-content/uploads/2025/01/1980-FK08.jpg
花籃FK07,花籃,教堂 / 殯儀館 / 醫院,"$1,980.00",https://hy-florist.hk/wp-content/uploads/2025/01/1980-FK07.jpg
花籃FK06,花籃,教堂 / 殯儀館 / 醫院,"$1,980.00",https://hy-florist.hk/wp-content/uploads/2025/01/1980-FK06.jpg
花籃FK05,花籃,教堂 / 殯儀館 / 醫院,"$1,980.00",https://hy-florist.hk/wp-content/uploads/2025/01/1980-FK05.jpg
花籃FK04,花籃,教堂 / 殯儀館 / 醫院,"$1,980.00",https://hy-florist.hk/wp-content/uploads/2025/01/1980-FK04.jpg
花籃FK03,花籃,教堂 / 殯儀館 / 醫院,"$1,980.00",https://hy-florist.hk/wp-content/uploads/2025/01/1980-FK03.jpg
花籃FK02,花籃,教堂 / 殯儀館 / 醫院,"$1,980.00",https://hy-florist.hk/wp-content/uploads/2025/01/1980-FK02.jpg
花籃FK01,花籃,教堂 / 殯儀館 / 醫院,"$1,980.00",https://hy-florist.hk/wp-content/uploads/2025/01/1980-FK01.jpg
花籃FJ12,花籃,教堂 / 殯儀館 / 醫院,"$1,750.00",https://hy-florist.hk/wp-content/uploads/2025/01/1680-FJ12.jpg
花籃FJ11,花籃,教堂 / 殯儀館 / 醫院,"$1,750.00",https://hy-florist.hk/wp-content/uploads/2025/01/1680-FJ11.jpg
花籃FJ10,花籃,教堂 / 殯儀館 / 醫院,"$1,750.00",https://hy-florist.hk/wp-content/uploads/2025/01/1680-FJ10.jpg
花籃FJ09,花籃,教堂 / 殯儀館 / 醫院,"$1,750.00",https://hy-florist.hk/wp-content/uploads/2025/01/1680-FJ09.jpg
花籃FJ08,花籃,教堂 / 殯儀館 / 醫院,"$1,750.00",https://hy-florist.hk/wp-content/uploads/2025/01/1680-FJ08.jpg
花籃FJ07,花籃,教堂 / 殯儀館 / 醫院,"$1,750.00",https://hy-florist.hk/wp-content/uploads/2025/01/1680-FJ07.jpg
花籃FJ06,花籃,教堂 / 殯儀館 / 醫院,"$1,750.00",https://hy-florist.hk/wp-content/uploads/2025/01/1680-FJ06.jpg
花籃FJ05,花籃,教堂 / 殯儀館 / 醫院,"$1,750.00",https://hy-florist.hk/wp-content/uploads/2025/01/1680-FJ05.jpg
花籃FJ04,花籃,教堂 / 殯儀館 / 醫院,"$1,750.00",https://hy-florist.hk/wp-content/uploads/2025/01/1680-FJ04.jpg
花籃FJ03,花籃,教堂 / 殯儀館 / 醫院,"$1,750.00",https://hy-florist.hk/wp-content/uploads/2025/01/1680-FJ03.jpg
花籃FJ02,花籃,教堂 / 殯儀館 / 醫院,"$1,750.00",https://hy-florist.hk/wp-content/uploads/2025/01/1680-FJ02.jpg
花籃FJ01,花籃,教堂 / 殯儀館 / 醫院,"$1,750.00",https://hy-florist.hk/wp-content/uploads/2025/01/1680-FJ01.jpg
花籃FH09,花籃,教堂 / 殯儀館 / 醫院,"$1,480.00",https://hy-florist.hk/wp-content/uploads/2025/01/1380-FH09.jpg
花籃FH08,花籃,教堂 / 殯儀館 / 醫院,"$1,480.00",https://hy-florist.hk/wp-content/uploads/2025/01/1380-FH08.jpg
花籃FH07,花籃,教堂 / 殯儀館 / 醫院,"$1,480.00",https://hy-florist.hk/wp-content/uploads/2025/01/1380-FH07.jpg
花籃FH06,花籃,教堂 / 殯儀館 / 醫院,"$1,480.00",https://hy-florist.hk/wp-content/uploads/2025/01/1380-FH06.jpg
花籃FH05,花籃,教堂 / 殯儀館 / 醫院,"$1,480.00",https://hy-florist.hk/wp-content/uploads/2025/01/1380-FH05.jpg
花籃FH04,花籃,教堂 / 殯儀館 / 醫院,"$1,480.00",https://hy-florist.hk/wp-content/uploads/2025/01/1380-FH04.jpg
花籃FH03,花籃,教堂 / 殯儀館 / 醫院,"$1,480.00",https://hy-florist.hk/wp-content/uploads/2025/01/1380-FH03.jpg
花籃FH02,花籃,教堂 / 殯儀館 / 醫院,"$1,480.00",https://hy-florist.hk/wp-content/uploads/2025/01/1380-FH02.jpg
花籃FH01,花籃,教堂 / 殯儀館 / 醫院,"$1,480.00",https://hy-florist.hk/wp-content/uploads/2025/01/1380-FH01.jpg
花籃FG14,花籃,教堂 / 殯儀館 / 醫院,"$1,280.00",https://hy-florist.hk/wp-content/uploads/2025/01/1180-FG14.jpg
花籃FG13,花籃,教堂 / 殯儀館 / 醫院,"$1,280.00",https://hy-florist.hk/wp-content/uploads/2025/01/1180-FG13.jpg
花籃FG12,花籃,教堂 / 殯儀館 / 醫院,"$1,280.00",https://hy-florist.hk/wp-content/uploads/2025/01/1180-FG12.jpg
花籃FG11,花籃,教堂 / 殯儀館 / 醫院,"$1,280.00",https://hy-florist.hk/wp-content/uploads/2025/01/1180-FG11.jpg
花籃FG10,花籃,教堂 / 殯儀館 / 醫院,"$1,280.00",https://hy-florist.hk/wp-content/uploads/2025/01/1180-FG10.jpg
花籃FG09,花籃,教堂 / 殯儀館 / 醫院,"$1,280.00",https://hy-florist.hk/wp-content/uploads/2025/01/1180-FG09.jpg
花籃FG08,花籃,教堂 / 殯儀館 / 醫院,"$1,280.00",https://hy-florist.hk/wp-content/uploads/2025/01/1180-FG08.jpg
花籃FG07,花籃,教堂 / 殯儀館 / 醫院,"$1,280.00",https://hy-florist.hk/wp-content/uploads/2025/01/1180-FG07.jpg
花籃FG06,花籃,教堂 / 殯儀館 / 醫院,"$1,280.00",https://hy-florist.hk/wp-content/uploads/2025/01/1180-FG06.jpg
花籃FG05,花籃,教堂 / 殯儀館 / 醫院,"$1,280.00",https://hy-florist.hk/wp-content/uploads/2025/01/1180-FG05.jpg
花籃FG04,花籃,教堂 / 殯儀館 / 醫院,"$1,280.00",https://hy-florist.hk/wp-content/uploads/2025/01/1180-FG04.jpg
花籃FG03,花籃,教堂 / 殯儀館 / 醫院,"$1,280.00",https://hy-florist.hk/wp-content/uploads/2025/01/1180-FG03.jpg
花籃FG02,花籃,教堂 / 殯儀館 / 醫院,"$1,280.00",https://hy-florist.hk/wp-content/uploads/2025/01/1180-FG02.jpg
花籃FG01,花籃,教堂 / 殯儀館 / 醫院,"$1,280.00",https://hy-florist.hk/wp-content/uploads/2025/01/1180-FG01.jpg
花籃FF19,花籃,教堂 / 殯儀館 / 醫院,$980.00,https://hy-florist.hk/wp-content/uploads/2025/01/980-FF19.jpg
花籃FF18,花籃,教堂 / 殯儀館 / 醫院,$980.00,https://hy-florist.hk/wp-content/uploads/2025/01/980-FF18.jpg
花籃FF17,花籃,教堂 / 殯儀館 / 醫院,$980.00,https://hy-florist.hk/wp-content/uploads/2025/01/980-FF17.jpg
花籃FF16,花籃,教堂 / 殯儀館 / 醫院,$980.00,https://hy-florist.hk/wp-content/uploads/2025/01/980-FF16.jpg
花籃FF15,花籃,教堂 / 殯儀館 / 醫院,$980.00,https://hy-florist.hk/wp-content/uploads/2025/01/980-FF15.jpg
花籃FF14,花籃,教堂 / 殯儀館 / 醫院,$980.00,https://hy-florist.hk/wp-content/uploads/2025/01/980-FF14.jpg
花籃FF13,花籃,教堂 / 殯儀館 / 醫院,$980.00,https://hy-florist.hk/wp-content/uploads/2025/01/980-FF13.jpg
花籃FF12,花籃,教堂 / 殯儀館 / 醫院,$980.00,https://hy-florist.hk/wp-content/uploads/2025/01/980-FF12.jpg
花籃FF11,花籃,教堂 / 殯儀館 / 醫院,$980.00,https://hy-florist.hk/wp-content/uploads/2025/01/980-FF11.jpg
花籃FF10,花籃,教堂 / 殯儀館 / 醫院,$980.00,https://hy-florist.hk/wp-content/uploads/2025/01/980-FF10.jpg
花籃FF09,花籃,教堂 / 殯儀館 / 醫院,$980.00,https://hy-florist.hk/wp-content/uploads/2025/01/980-FF09.jpg
花籃FF08,花籃,教堂 / 殯儀館 / 醫院,$980.00,https://hy-florist.hk/wp-content/uploads/2025/01/980-FF08.jpg
花籃FF07,花籃,教堂 / 殯儀館 / 醫院,$980.00,https://hy-florist.hk/wp-content/uploads/2025/01/980-FF07.jpg
花籃FF06,花籃,教堂 / 殯儀館 / 醫院,$980.00,https://hy-florist.hk/wp-content/uploads/2025/01/980-FF06.jpg
花籃FF05,花籃,教堂 / 殯儀館 / 醫院,$980.00,https://hy-florist.hk/wp-content/uploads/2025/01/980-FF05.jpg
花籃FF04,花籃,教堂 / 殯儀館 / 醫院,$980.00,https://hy-florist.hk/wp-content/uploads/2025/01/980-FF04.jpg
花籃FF03,花籃,教堂 / 殯儀館 / 醫院,$980.00,https://hy-florist.hk/wp-content/uploads/2025/01/980-FF03.jpg
花籃FF02,花籃,教堂 / 殯儀館 / 醫院,$980.00,https://hy-florist.hk/wp-content/uploads/2025/01/980-FF02.jpg
花籃FF01,花籃,教堂 / 殯儀館 / 醫院,$980.00,https://hy-florist.hk/wp-content/uploads/2025/01/980-FF01.jpg
花籃FE20,花籃,教堂 / 殯儀館 / 醫院,$890.00,https://hy-florist.hk/wp-content/uploads/2025/01/880-FE20.jpg
花籃FE19,花籃,教堂 / 殯儀館 / 醫院,$890.00,https://hy-florist.hk/wp-content/uploads/2025/01/880-FE19.jpg
花籃FE18,花籃,教堂 / 殯儀館 / 醫院,$890.00,https://hy-florist.hk/wp-content/uploads/2025/01/880-FE18.jpg
花籃FE17,花籃,教堂 / 殯儀館 / 醫院,$890.00,https://hy-florist.hk/wp-content/uploads/2025/01/880-FE17.jpg
花籃FE16,花籃,教堂 / 殯儀館 / 醫院,$890.00,https://hy-florist.hk/wp-content/uploads/2025/01/880-FE16.jpg
花籃FE15,花籃,教堂 / 殯儀館 / 醫院,$890.00,https://hy-florist.hk/wp-content/uploads/2025/01/880-FE15.jpg
花籃FE14,花籃,教堂 / 殯儀館 / 醫院,$890.00,https://hy-florist.hk/wp-content/uploads/2025/01/880-FE14.jpg
花籃FE13,花籃,教堂 / 殯儀館 / 醫院,$890.00,https://hy-florist.hk/wp-content/uploads/2025/01/880-FE13.jpg
花籃FE12,花籃,教堂 / 殯儀館 / 醫院,$890.00,https://hy-florist.hk/wp-content/uploads/2025/01/880-FE12.jpg
花籃FE11,花籃,教堂 / 殯儀館 / 醫院,$890.00,https://hy-florist.hk/wp-content/uploads/2025/01/880-FE11.jpg
花籃FE10,花籃,教堂 / 殯儀館 / 醫院,$890.00,https://hy-florist.hk/wp-content/uploads/2025/01/880-FE10.jpg
花籃FE09,花籃,教堂 / 殯儀館 / 醫院,$890.00,https://hy-florist.hk/wp-content/uploads/2025/01/880-FE09.jpg
花籃FE08,花籃,教堂 / 殯儀館 / 醫院,$890.00,https://hy-florist.hk/wp-content/uploads/2025/01/880-FE08.jpg
花籃FE07,花籃,教堂 / 殯儀館 / 醫院,$890.00,https://hy-florist.hk/wp-content/uploads/2025/01/880-FE07.jpg
花籃FE06,花籃,教堂 / 殯儀館 / 醫院,$890.00,https://hy-florist.hk/wp-content/uploads/2025/01/880-FE06.jpg
花籃FE05,花籃,教堂 / 殯儀館 / 醫院,$890.00,https://hy-florist.hk/wp-content/uploads/2025/01/880-FE05.jpg
花籃FE04,花籃,教堂 / 殯儀館 / 醫院,$890.00,https://hy-florist.hk/wp-content/uploads/2025/01/880-FE04.jpg
花籃FE03,花籃,教堂 / 殯儀館 / 醫院,$890.00,https://hy-florist.hk/wp-content/uploads/2025/01/880-FE03.jpg
花籃FE02,花籃,教堂 / 殯儀館 / 醫院,$890.00,https://hy-florist.hk/wp-content/uploads/2025/01/880-FE02.jpg
花籃FE01,花籃,教堂 / 殯儀館 / 醫院,$890.00,https://hy-florist.hk/wp-content/uploads/2025/01/880-FE01.jpg
花籃FD12,花籃,教堂 / 殯儀館 / 醫院,$790.00,https://hy-florist.hk/wp-content/uploads/2025/01/780-FD12.jpg
花籃FD11,花籃,教堂 / 殯儀館 / 醫院,$790.00,https://hy-florist.hk/wp-content/uploads/2025/01/780-FD11.jpg
花籃FD10,花籃,教堂 / 殯儀館 / 醫院,$790.00,https://hy-florist.hk/wp-content/uploads/2025/01/780-FD10.jpg
花籃FD09,花籃,教堂 / 殯儀館 / 醫院,$790.00,https://hy-florist.hk/wp-content/uploads/2025/01/780-FD09.jpg
花籃FD08,花籃,教堂 / 殯儀館 / 醫院,$790.00,https://hy-florist.hk/wp-content/uploads/2025/01/780-FD08.jpg
花籃FD07,花籃,教堂 / 殯儀館 / 醫院,$790.00,https://hy-florist.hk/wp-content/uploads/2025/01/780-FD07.jpg
花籃FD06,花籃,教堂 / 殯儀館 / 醫院,$790.00,https://hy-florist.hk/wp-content/uploads/2025/01/780-FD06.jpg
花籃FD05,花籃,教堂 / 殯儀館 / 醫院,$790.00,https://hy-florist.hk/wp-content/uploads/2025/01/780-FD05.jpg
花籃FD04,花籃,教堂 / 殯儀館 / 醫院,$790.00,https://hy-florist.hk/wp-content/uploads/2025/01/780-FD04.jpg
花籃FD03,花籃,教堂 / 殯儀館 / 醫院,$790.00,https://hy-florist.hk/wp-content/uploads/2025/01/780-FD03.jpg
花籃FD02,花籃,教堂 / 殯儀館 / 醫院,$790.00,https://hy-florist.hk/wp-content/uploads/2025/01/780-FD02.jpg
花籃FD01,花籃,教堂 / 殯儀館 / 醫院,$790.00,https://hy-florist.hk/wp-content/uploads/2025/01/780-FD01.jpg
花籃FC08,花籃,教堂 / 殯儀館 / 醫院,$698.00,https://hy-florist.hk/wp-content/uploads/2025/01/680-FC08.jpg
花籃FC07,花籃,教堂 / 殯儀館 / 醫院,$698.00,https://hy-florist.hk/wp-content/uploads/2025/01/680-FC07.jpg
花籃FC06,花籃,教堂 / 殯儀館 / 醫院,$698.00,https://hy-florist.hk/wp-content/uploads/2025/01/680-FC06.jpg
花籃FC05,花籃,教堂 / 殯儀館 / 醫院,$698.00,https://hy-florist.hk/wp-content/uploads/2025/01/680-FC05.jpg
花籃FC04,花籃,教堂 / 殯儀館 / 醫院,$698.00,https://hy-florist.hk/wp-content/uploads/2025/01/680-FC04.jpg
花籃FC03,花籃,教堂 / 殯儀館 / 醫院,$698.00,https://hy-florist.hk/wp-content/uploads/2025/01/680-FC03.jpg
花籃FC02,花籃,教堂 / 殯儀館 / 醫院,$698.00,https://hy-florist.hk/wp-content/uploads/2025/01/680-FC02.jpg
花籃FC01,花籃,教堂 / 殯儀館 / 醫院,$698.00,https://hy-florist.hk/wp-content/uploads/2025/01/680-FC01.jpg
花籃FB04,花籃,教堂 / 殯儀館 / 醫院,$575.00,https://hy-florist.hk/wp-content/uploads/2025/01/550-FB04.jpg
花籃FB03,花籃,教堂 / 殯儀館 / 醫院,$575.00,https://hy-florist.hk/wp-content/uploads/2025/01/550-FB03.jpg
花籃FB02,花籃,教堂 / 殯儀館 / 醫院,$575.00,https://hy-florist.hk/wp-content/uploads/2025/01/550-FB02.jpg
花籃FB01,花籃,教堂 / 殯儀館 / 醫院,$575.00,https://hy-florist.hk/wp-content/uploads/2025/01/550-FB01.jpg
花籃FA02,花籃,教堂 / 殯儀館 / 醫院,$498.00,https://hy-florist.hk/wp-content/uploads/2025/01/480-FA02.jpg
花籃FA01,花籃,教堂 / 殯儀館 / 醫院,$498.00,https://hy-florist.hk/wp-content/uploads/2025/01/480-FA01.jpg
花束BF08,花束,醫院,"$1,350.00",https://hy-florist.hk/wp-content/uploads/2025/01/B00052.jpg
花束BF06,花束,醫院,"$1,350.00",https://hy-florist.hk/wp-content/uploads/2025/01/B00050.jpg
花束BF04,花束,醫院,"$1,350.00",https://hy-florist.hk/wp-content/uploads/2025/01/B00048.jpg
花束BF03,花束,醫院,"$1,350.00",https://hy-florist.hk/wp-content/uploads/2025/01/B00047.jpg
花束BE06,花束,醫院,$980.00,https://hy-florist.hk/wp-content/uploads/2025/01/B00042.jpg
花束BE05,花束,醫院,$980.00,https://hy-florist.hk/wp-content/uploads/2025/01/B00041.jpg
花束BE03,花束,醫院,$980.00,https://hy-florist.hk/wp-content/uploads/2025/01/B00039.jpg
花束BE02,花束,醫院,$980.00,https://hy-florist.hk/wp-content/uploads/2025/01/B00038.jpg
花束BE01,花束,醫院,$980.00,https://hy-florist.hk/wp-content/uploads/2025/01/B00037.jpg
花束BD08,花束,醫院,$790.00,https://hy-florist.hk/wp-content/uploads/2025/01/B00036.jpg
花束BD07,花束,醫院,$790.00,https://hy-florist.hk/wp-content/uploads/2025/01/B00035.jpg
花束BD06,花束,醫院,$790.00,https://hy-florist.hk/wp-content/uploads/2025/01/B00034.jpg
花束BD04,花束,醫院,$790.00,https://hy-florist.hk/wp-content/uploads/2025/01/B00032.jpg
花束BD01,花束,醫院,$790.00,https://hy-florist.hk/wp-content/uploads/2025/01/B00029.jpg
花束BC07,花束,醫院,$698.00,https://hy-florist.hk/wp-content/uploads/2025/01/B00027.jpg
花束BC05,花束,醫院,$698.00,https://hy-florist.hk/wp-content/uploads/2025/01/B00025.jpg
花束BC03,花束,醫院,$698.00,https://hy-florist.hk/wp-content/uploads/2025/01/B00023.jpg
花束BC01,花束,醫院,$698.00,https://hy-florist.hk/wp-content/uploads/2025/01/B00021.jpg
花束BB12,花束,醫院,$575.00,https://hy-florist.hk/wp-content/uploads/2025/01/B00020-1.jpg
花束BA08,花束,醫院,$399.00,https://hy-florist.hk/wp-content/uploads/2025/01/B00008.jpg
花束BA07,花束,醫院,$399.00,https://hy-florist.hk/wp-content/uploads/2025/01/B00007-1.jpg
花束BA02,花束,醫院,$399.00,https://hy-florist.hk/wp-content/uploads/2025/01/B00002.jpg
花束BA01,花束,醫院,$399.00,https://hy-florist.hk/wp-content/uploads/2025/01/B00001.jpg
